#OTU ID	Kingdom	Phylum	Class	Order	Family	Genus	Species
sp1	Kingdom_sp1	Phylum_sp1	Class_sp1	Order_sp1	Family_sp1	Genus_sp1	Species_sp1
sp2	Kingdom_sp2	Phylum_sp2	Class_sp2	Order_sp2	Family_sp2	Genus_sp2	Species_sp2
sp3	Kingdom_sp3	Phylum_sp3	Class_sp3	Order_sp3	Family_sp3	Genus_sp3	Species_sp3
sp4	Kingdom_sp4	Phylum_sp4	Class_sp4	Order_sp4	Family_sp4	Genus_sp4	Species_sp4
sp5	Kingdom_sp5	Phylum_sp5	Class_sp5	Order_sp5	Family_sp5	Genus_sp5	Species_sp5
sp6	Kingdom_sp6	Phylum_sp6	Class_sp6	Order_sp6	Family_sp6	Genus_sp6	Species_sp6
sp7	Kingdom_sp7	Phylum_sp7	Class_sp7	Order_sp7	Family_sp7	Genus_sp7	Species_sp7
sp8	Kingdom_sp8	Phylum_sp8	Class_sp8	Order_sp8	Family_sp8	Genus_sp8	Species_sp8
sp9	Kingdom_sp9	Phylum_sp9	Class_sp9	Order_sp9	Family_sp9	Genus_sp9	Species_sp9
sp10	Kingdom_sp10	Phylum_sp10	Class_sp10	Order_sp10	Family_sp10	Genus_sp10	Species_sp10
sp11	Kingdom_sp11	Phylum_sp11	Class_sp11	Order_sp11	Family_sp11	Genus_sp11	Species_sp11
sp12	Kingdom_sp12	Phylum_sp12	Class_sp12	Order_sp12	Family_sp12	Genus_sp12	Species_sp12
sp13	Kingdom_sp13	Phylum_sp13	Class_sp13	Order_sp13	Family_sp13	Genus_sp13	Species_sp13
sp14	Kingdom_sp14	Phylum_sp14	Class_sp14	Order_sp14	Family_sp14	Genus_sp14	Species_sp14
sp15	Kingdom_sp15	Phylum_sp15	Class_sp15	Order_sp15	Family_sp15	Genus_sp15	Species_sp15
sp16	Kingdom_sp16	Phylum_sp16	Class_sp16	Order_sp16	Family_sp16	Genus_sp16	Species_sp16
sp17	Kingdom_sp17	Phylum_sp17	Class_sp17	Order_sp17	Family_sp17	Genus_sp17	Species_sp17
sp18	Kingdom_sp18	Phylum_sp18	Class_sp18	Order_sp18	Family_sp18	Genus_sp18	Species_sp18
sp19	Kingdom_sp19	Phylum_sp19	Class_sp19	Order_sp19	Family_sp19	Genus_sp19	Species_sp19
sp20	Kingdom_sp20	Phylum_sp20	Class_sp20	Order_sp20	Family_sp20	Genus_sp20	Species_sp20
sp21	Kingdom_sp21	Phylum_sp21	Class_sp21	Order_sp21	Family_sp21	Genus_sp21	Species_sp21
sp22	Kingdom_sp22	Phylum_sp22	Class_sp22	Order_sp22	Family_sp22	Genus_sp22	Species_sp22
sp23	Kingdom_sp23	Phylum_sp23	Class_sp23	Order_sp23	Family_sp23	Genus_sp23	Species_sp23
sp24	Kingdom_sp24	Phylum_sp24	Class_sp24	Order_sp24	Family_sp24	Genus_sp24	Species_sp24
sp25	Kingdom_sp25	Phylum_sp25	Class_sp25	Order_sp25	Family_sp25	Genus_sp25	Species_sp25
sp26	Kingdom_sp26	Phylum_sp26	Class_sp26	Order_sp26	Family_sp26	Genus_sp26	Species_sp26
sp27	Kingdom_sp27	Phylum_sp27	Class_sp27	Order_sp27	Family_sp27	Genus_sp27	Species_sp27
sp28	Kingdom_sp28	Phylum_sp28	Class_sp28	Order_sp28	Family_sp28	Genus_sp28	Species_sp28
sp29	Kingdom_sp29	Phylum_sp29	Class_sp29	Order_sp29	Family_sp29	Genus_sp29	Species_sp29
sp30	Kingdom_sp30	Phylum_sp30	Class_sp30	Order_sp30	Family_sp30	Genus_sp30	Species_sp30
sp31	Kingdom_sp31	Phylum_sp31	Class_sp31	Order_sp31	Family_sp31	Genus_sp31	Species_sp31
sp32	Kingdom_sp32	Phylum_sp32	Class_sp32	Order_sp32	Family_sp32	Genus_sp32	Species_sp32
sp33	Kingdom_sp33	Phylum_sp33	Class_sp33	Order_sp33	Family_sp33	Genus_sp33	Species_sp33
sp34	Kingdom_sp34	Phylum_sp34	Class_sp34	Order_sp34	Family_sp34	Genus_sp34	Species_sp34
sp35	Kingdom_sp35	Phylum_sp35	Class_sp35	Order_sp35	Family_sp35	Genus_sp35	Species_sp35
sp36	Kingdom_sp36	Phylum_sp36	Class_sp36	Order_sp36	Family_sp36	Genus_sp36	Species_sp36
sp37	Kingdom_sp37	Phylum_sp37	Class_sp37	Order_sp37	Family_sp37	Genus_sp37	Species_sp37
sp38	Kingdom_sp38	Phylum_sp38	Class_sp38	Order_sp38	Family_sp38	Genus_sp38	Species_sp38
sp39	Kingdom_sp39	Phylum_sp39	Class_sp39	Order_sp39	Family_sp39	Genus_sp39	Species_sp39
sp40	Kingdom_sp40	Phylum_sp40	Class_sp40	Order_sp40	Family_sp40	Genus_sp40	Species_sp40
sp41	Kingdom_sp41	Phylum_sp41	Class_sp41	Order_sp41	Family_sp41	Genus_sp41	Species_sp41
sp42	Kingdom_sp42	Phylum_sp42	Class_sp42	Order_sp42	Family_sp42	Genus_sp42	Species_sp42
sp43	Kingdom_sp43	Phylum_sp43	Class_sp43	Order_sp43	Family_sp43	Genus_sp43	Species_sp43
sp44	Kingdom_sp44	Phylum_sp44	Class_sp44	Order_sp44	Family_sp44	Genus_sp44	Species_sp44
sp45	Kingdom_sp45	Phylum_sp45	Class_sp45	Order_sp45	Family_sp45	Genus_sp45	Species_sp45
sp46	Kingdom_sp46	Phylum_sp46	Class_sp46	Order_sp46	Family_sp46	Genus_sp46	Species_sp46
sp47	Kingdom_sp47	Phylum_sp47	Class_sp47	Order_sp47	Family_sp47	Genus_sp47	Species_sp47
sp48	Kingdom_sp48	Phylum_sp48	Class_sp48	Order_sp48	Family_sp48	Genus_sp48	Species_sp48
sp49	Kingdom_sp49	Phylum_sp49	Class_sp49	Order_sp49	Family_sp49	Genus_sp49	Species_sp49
sp50	Kingdom_sp50	Phylum_sp50	Class_sp50	Order_sp50	Family_sp50	Genus_sp50	Species_sp50
